name	cid	n_cids_for_name	pubchem_title	pubchem_formula	smiles	smiles_source
Berberine	2353	1	Berberine	C20H18NO4+	COC1=C(C2=C[N+]3=C(C=C2C=C1)C4=CC5=C(C=C4CC3)OCO5)OC	PubChem
EGCG	65064	1	Epigallocatechin Gallate	C22H18O11	C1[C@H]([C@H](OC2=CC(=CC(=C21)O)O)C3=CC(=C(C(=C3)O)O)O)OC(=O)C4=CC(=C(C(=C4)O)O)O	PubChem
Curcumin	969516	1	Curcumin	C21H20O6	COC1=C(C=CC(=C1)/C=C/C(=O)CC(=O)/C=C/C2=CC(=C(C=C2)O)OC)O	PubChem
Resveratrol	445154	1	Resveratrol	C14H12O3	C1=CC(=CC=C1/C=C/C2=CC(=CC(=C2)O)O)O	PubChem
Camptothecin	24360	1	Camptothecin	C20H16N2O4	CC[C@@]1(C2=C(COC1=O)C(=O)N3CC4=CC5=CC=CC=C5N=C4C3=C2)O	PubChem
BRACO-19	9808666	1	Braco-19	C35H43N7O2	CN(C)C1=CC=C(C=C1)NC2=C3C=CC(=CC3=NC4=C2C=CC(=C4)NC(=O)CCN5CCCC5)NC(=O)CCN6CCCC6	PubChem
RHPS4	9804187	1	RHPS 4 methosulfate	C23H20F2N2O4S	CC1=CC2=C3C(=C1)N(C4=C(C3=[N+](C5=C2C=C(C=C5)F)C)C=C(C=C4)F)C.COS(=O)(=O)[O-]	PubChem
Pyridostatin	25227847	1	Pyridostatin	C31H32N8O5	C1=CC=C2C(=C1)C(=CC(=N2)NC(=O)C3=CC(=CC(=N3)C(=O)NC4=NC5=CC=CC=C5C(=C4)OCCN)OCCN)OCCN	PubChem
Telomestatin	443590	1	Telomestatin	C26H14N8O7S	CC1=C2C3=NC(=C(O3)C)C4=NC(=CO4)C5=NC(=CO5)C6=NC(=CO6)C7=NC(=CO7)C8=NC(=CO8)C9=NC(CS9)C(=N2)O1	PubChem
GTC365	131882409	1	2-[3-[[4-[(3-Nitroacridin-9-yl)amino]phenyl]sulfamoyl]propyl]guanidine;dihydrochloride	C23H25Cl2N7O4S	C1=CC=C2C(=C1)C(=C3C=CC(=CC3=N2)[N+](=O)[O-])NC4=CC=C(C=C4)NS(=O)(=O)CCCN=C(N)N.Cl.Cl	PubChem
RG260	375122	2	2-(alanylamino)-N-({4-[(5-bromopyrimidin-2-yl)oxy]-3-methylphenyl}carbamoyl)benzamide	C22H21BrN6O4	CC1=C(C=CC(=C1)NC(=O)NC(=O)C2=CC=CC=C2NC(=O)C(C)N)OC3=NC=C(C=N3)Br	PubChem
TMPyP4	135442972	2	Tmpyp	C72H66N8O12S4	CC1=CC=C(C=C1)S(=O)(=O)[O-].CC1=CC=C(C=C1)S(=O)(=O)[O-].CC1=CC=C(C=C1)S(=O)(=O)[O-].CC1=CC=C(C=C1)S(=O)(=O)[O-].C[N+]1=CC=C(C=C1)C2=C3C=CC(=C(C4=NC(=C(C5=CC=C(N5)C(=C6C=CC2=N6)C7=CC=[N+](C=C7)C)C8=CC=[N+](C=C8)C)C=C4)C9=CC=[N+](C=C9)C)N3	PubChem
BIBR1532	9927531	1	Bibr 1532	C21H17NO3	C/C(=C\C(=O)NC1=CC=CC=C1C(=O)O)/C2=CC3=CC=CC=C3C=C2	PubChem
MST-312	10385095	1	Telomerase Inhibitor IX	C20H16N2O6	C1=CC(=CC(=C1)NC(=O)C2=C(C(=CC=C2)O)O)NC(=O)C3=C(C(=CC=C3)O)O	PubChem
AG 1478	2051	1	N-(3-Chlorophenyl)-6,7-dimethoxy-4-quinazolinamine	C16H14ClN3O2	COC1=C(C=C2C(=C1)C(=NC=N2)NC3=CC(=CC=C3)Cl)OC	PubChem
VE-821	51000408	1	VE-821	C18H16N4O3S	CS(=O)(=O)C1=CC=C(C=C1)C2=CN=C(C(=N2)C(=O)NC3=CC=CC=C3)N	PubChem
Ceralasertib	54761306	1	Ceralasertib	C20H24N6O2S	C[C@@H]1COCCN1C2=NC(=NC(=C2)C3(CC3)[S@](=N)(=O)C)C4=C5C=CNC5=NC=C4	PubChem
