name,origin,target,cid,n_cids_for_name,pubchem_title,pubchem_formula,smiles,smiles_source,parent_smiles,parent_formula,formal_charge,MW,cLogP,TPSA,HBD,HBA,rotatable_bonds,aromatic_rings,category
Berberine,Natural,Telomere (G4),2353,1,Berberine,C20H18NO4+,COC1=C(C2=C[N+]3=C(C=C2C=C1)C4=CC5=C(C=C4CC3)OCO5)OC,PubChem,COc1ccc2cc3[n+](cc2c1OC)CCc1cc2c(cc1-3)OCO2,C20H18NO4+,1,336.367,3.096,40.800,0,4,2,3,Natural Telomere (G4)
EGCG,Natural,Non-telomere,65064,1,Epigallocatechin Gallate,C22H18O11,C1[C@H]([C@H](OC2=CC(=CC(=C21)O)O)C3=CC(=C(C(=C3)O)O)O)OC(=O)C4=CC(=C(C(=C4)O)O)O,PubChem,O=C(O[C@@H]1Cc2c(O)cc(O)cc2O[C@@H]1c1cc(O)c(O)c(O)c1)c1cc(O)c(O)c(O)c1,C22H18O11,0,458.375,2.233,197.370,8,11,3,3,Natural Non-telomere
Curcumin,Natural,Non-telomere,969516,1,Curcumin,C21H20O6,COC1=C(C=CC(=C1)/C=C/C(=O)CC(=O)/C=C/C2=CC(=C(C=C2)O)OC)O,PubChem,COc1cc(/C=C/C(=O)CC(=O)/C=C/c2ccc(O)c(OC)c2)ccc1O,C21H20O6,0,368.385,3.370,93.060,2,6,8,2,Natural Non-telomere
Resveratrol,Natural,Non-telomere,445154,1,Resveratrol,C14H12O3,C1=CC(=CC=C1/C=C/C2=CC(=CC(=C2)O)O)O,PubChem,Oc1ccc(/C=C/c2cc(O)cc(O)c2)cc1,C14H12O3,0,228.247,2.974,60.690,3,3,2,2,Natural Non-telomere
Camptothecin,Natural,Non-telomere,24360,1,Camptothecin,C20H16N2O4,CC[C@@]1(C2=C(COC1=O)C(=O)N3CC4=CC5=CC=CC=C5N=C4C3=C2)O,PubChem,CC[C@@]1(O)C(=O)OCc2c1cc1n(c2=O)Cc2cc3ccccc3nc2-1,C20H16N2O4,0,348.358,2.080,81.420,1,5,1,3,Natural Non-telomere
BRACO-19,Synthetic,Telomere (G4),9808666,1,Braco-19,C35H43N7O2,CN(C)C1=CC=C(C=C1)NC2=C3C=CC(=CC3=NC4=C2C=CC(=C4)NC(=O)CCN5CCCC5)NC(=O)CCN6CCCC6,PubChem,CN(C)c1ccc(Nc2c3ccc(NC(=O)CCN4CCCC4)cc3nc3cc(NC(=O)CCN4CCCC4)ccc23)cc1,C35H43N7O2,0,593.776,6.046,92.840,3,7,11,4,Synthetic Telomere (G4)
RHPS4,Synthetic,Telomere (G4),9804187,1,RHPS 4 methosulfate,C23H20F2N2O4S,CC1=CC2=C3C(=C1)N(C4=C(C3=[N+](C5=C2C=C(C=C5)F)C)C=C(C=C4)F)C.COS(=O)(=O)[O-],PubChem,Cc1cc2c3c([n+](C)c4ccc(F)cc4c3c1)-c1cc(F)ccc1N2C,C22H17F2N2+,1,347.388,5.152,7.120,0,1,0,4,Synthetic Telomere (G4)
Pyridostatin,Synthetic,Telomere (G4),25227847,1,Pyridostatin,C31H32N8O5,C1=CC=C2C(=C1)C(=CC(=N2)NC(=O)C3=CC(=CC(=N3)C(=O)NC4=NC5=CC=CC=C5C(=C4)OCCN)OCCN)OCCN,PubChem,NCCOc1cc(C(=O)Nc2cc(OCCN)c3ccccc3n2)nc(C(=O)Nc2cc(OCCN)c3ccccc3n2)c1,C31H32N8O5,0,596.648,2.695,202.620,5,11,13,5,Synthetic Telomere (G4)
Telomestatin,Synthetic,Telomere (G4),443590,1,Telomestatin,C26H14N8O7S,CC1=C2C3=NC(=C(O3)C)C4=NC(=CO4)C5=NC(=CO5)C6=NC(=CO6)C7=NC(=CO7)C8=NC(=CO8)C9=NC(CS9)C(=N2)O1,PubChem,Cc1oc2nc1-c1nc(co1)-c1nc(co1)-c1nc(co1)-c1nc(co1)-c1nc(co1)C1=NC(CS1)c1nc-2c(C)o1,C26H14N8O7S,0,582.514,5.770,194.570,0,16,0,7,Synthetic Telomere (G4)
GTC365,Synthetic,Telomere (G4),131882409,1,2-[3-[[4-[(3-Nitroacridin-9-yl)amino]phenyl]sulfamoyl]propyl]guanidine;dihydrochloride,C23H25Cl2N7O4S,C1=CC=C2C(=C1)C(=C3C=CC(=CC3=N2)[N+](=O)[O-])NC4=CC=C(C=C4)NS(=O)(=O)CCCN=C(N)N.Cl.Cl,PubChem,NC(N)=NCCCS(=O)(=O)Nc1ccc(Nc2c3ccccc3nc3cc([N+](=O)[O-])ccc23)cc1,C23H23N7O4S,0,493.549,3.445,178.630,4,7,9,4,Synthetic Telomere (G4)
RG260,Synthetic,Telomere (G4),375122,2,2-(alanylamino)-N-({4-[(5-bromopyrimidin-2-yl)oxy]-3-methylphenyl}carbamoyl)benzamide,C22H21BrN6O4,CC1=C(C=CC(=C1)NC(=O)NC(=O)C2=CC=CC=C2NC(=O)C(C)N)OC3=NC=C(C=N3)Br,PubChem,Cc1cc(NC(=O)NC(=O)c2ccccc2NC(=O)C(C)N)ccc1Oc1ncc(Br)cn1,C22H21BrN6O4,0,513.352,3.587,148.330,4,7,6,3,Synthetic Telomere (G4)
TMPyP4,Synthetic,Telomere (G4),135442972,2,Tmpyp,C72H66N8O12S4,CC1=CC=C(C=C1)S(=O)(=O)[O-].CC1=CC=C(C=C1)S(=O)(=O)[O-].CC1=CC=C(C=C1)S(=O)(=O)[O-].CC1=CC=C(C=C1)S(=O)(=O)[O-].C[N+]1=CC=C(C=C1)C2=C3C=CC(=C(C4=NC(=C(C5=CC=C(N5)C(=C6C=CC2=N6)C7=CC=[N+](C=C7)C)C8=CC=[N+](C=C8)C)C=C4)C9=CC=[N+](C=C9)C)N3,PubChem,C[n+]1ccc(-c2c3nc(c(-c4cc[n+](C)cc4)c4ccc([nH]4)c(-c4cc[n+](C)cc4)c4nc(c(-c5cc[n+](C)cc5)c5ccc2[nH]5)C=C4)C=C3)cc1,C44H38N8+4,4,678.844,6.622,72.880,2,2,4,7,Synthetic Telomere (G4)
BIBR1532,Synthetic,Non-telomere,9927531,1,Bibr 1532,C21H17NO3,C/C(=C\C(=O)NC1=CC=CC=C1C(=O)O)/C2=CC3=CC=CC=C3C=C2,PubChem,C/C(=C\C(=O)Nc1ccccc1C(=O)O)c1ccc2ccccc2c1,C21H17NO3,0,331.371,4.580,66.400,2,2,4,3,Synthetic Non-telomere
MST-312,Synthetic,Non-telomere,10385095,1,Telomerase Inhibitor IX,C20H16N2O6,C1=CC(=CC(=C1)NC(=O)C2=C(C(=CC=C2)O)O)NC(=O)C3=C(C(=CC=C3)O)O,PubChem,O=C(Nc1cccc(NC(=O)c2cccc(O)c2O)c1)c1cccc(O)c1O,C20H16N2O6,0,380.356,3.014,139.120,6,6,4,3,Synthetic Non-telomere
AG 1478,Synthetic,Non-telomere,2051,1,"N-(3-Chlorophenyl)-6,7-dimethoxy-4-quinazolinamine",C16H14ClN3O2,COC1=C(C=C2C(=C1)C(=NC=N2)NC3=CC(=CC=C3)Cl)OC,PubChem,COc1cc2ncnc(Nc3cccc(Cl)c3)c2cc1OC,C16H14ClN3O2,0,315.760,4.044,56.270,1,5,4,3,Synthetic Non-telomere
VE-821,Synthetic,Non-telomere,51000408,1,VE-821,C18H16N4O3S,CS(=O)(=O)C1=CC=C(C=C1)C2=CN=C(C(=N2)C(=O)NC3=CC=CC=C3)N,PubChem,CS(=O)(=O)c1ccc(-c2cnc(N)c(C(=O)Nc3ccccc3)n2)cc1,C18H16N4O3S,0,368.418,2.382,115.040,2,6,4,3,Synthetic Non-telomere
Ceralasertib,Synthetic,Non-telomere,54761306,1,Ceralasertib,C20H24N6O2S,C[C@@H]1COCCN1C2=NC(=NC(=C2)C3(CC3)[S@](=N)(=O)C)C4=C5C=CNC5=NC=C4,PubChem,C[C@@H]1COCCN1c1cc(C2([S@](C)(=N)=O)CC2)nc(-c2ccnc3[nH]ccc23)n1,C20H24N6O2S,0,412.519,2.911,107.850,2,7,4,3,Synthetic Non-telomere
