rel_atg,WT,C228T,C250T,C228T + C250T
-14,1.6000,1.6000,1.6000,1.6000
-15,1.4400,1.4400,1.4400,1.4400
-16,1.3600,1.3600,1.3600,1.3600
-17,1.0800,1.0800,1.0800,1.0800
-18,0.9200,0.9200,0.9200,0.9200
-19,0.7200,0.7200,0.7200,0.7200
-20,0.6000,0.6000,0.6000,0.6000
-21,0.4400,0.4400,0.4400,0.4400
-22,0.4800,0.4800,0.4800,0.4800
-23,0.3600,0.3600,0.3600,0.3600
-24,0.3200,0.3200,0.3200,0.3200
-25,0.3600,0.3600,0.3600,0.3600
-26,0.4400,0.4400,0.4400,0.4400
-27,0.3200,0.3200,0.3200,0.3200
-28,0.1200,0.1200,0.1200,0.1200
-29,-0.0400,-0.0400,-0.0400,-0.0400
-30,-0.1200,-0.1200,-0.1200,-0.1200
-31,0.0400,0.0400,0.0400,0.0400
-32,0.1200,0.1200,0.1200,0.1200
-33,0.0800,0.0800,0.0800,0.0800
-34,0.0000,0.0000,0.0000,0.0000
-35,-0.1600,-0.1600,-0.1600,-0.1600
-36,-0.2800,-0.2800,-0.2800,-0.2800
-37,-0.2000,-0.2000,-0.2000,-0.2000
-38,-0.2400,-0.2400,-0.2400,-0.2400
-39,-0.2000,-0.2000,-0.2000,-0.2000
-40,-0.1200,-0.1200,-0.1200,-0.1200
-41,0.0000,0.0000,0.0000,0.0000
-42,0.1600,0.1600,0.1600,0.1600
-43,0.0800,0.0800,0.0800,0.0800
-44,0.0400,0.0400,0.0400,0.0400
-45,0.0000,0.0000,0.0000,0.0000
-46,0.0400,0.0400,0.0400,0.0400
-47,-0.0000,-0.0000,-0.0000,-0.0000
-48,0.0400,0.0400,0.0400,0.0400
-49,-0.0000,-0.0000,-0.0000,-0.0000
-50,-0.0000,-0.0000,-0.0000,-0.0000
-51,-0.0000,-0.0000,-0.0000,-0.0000
-52,-0.0800,-0.0800,-0.0800,-0.0800
-53,0.0000,0.0000,0.0000,0.0000
-54,-0.0400,-0.0400,-0.0400,-0.0400
-55,-0.0800,-0.0800,-0.0800,-0.0800
-56,-0.2400,-0.2400,-0.2400,-0.2400
-57,-0.3200,-0.3200,-0.3200,-0.3200
-58,-0.2400,-0.2400,-0.2400,-0.2400
-59,-0.3200,-0.3200,-0.3200,-0.3200
-60,-0.2400,-0.2400,-0.2400,-0.2400
-61,-0.2400,-0.2400,-0.2400,-0.2400
-62,-0.2000,-0.2000,-0.2000,-0.2000
-63,-0.0800,-0.0800,-0.0800,-0.0800
-64,-0.1200,-0.1200,-0.1200,-0.1200
-65,-0.0400,-0.0400,-0.0400,-0.0400
-66,-0.0400,-0.0400,-0.0400,-0.0400
-67,0.0400,0.0400,0.0400,0.0400
-68,0.2400,0.2400,0.2400,0.2400
-69,0.4400,0.4400,0.4400,0.4400
-70,0.4000,0.4000,0.4000,0.4000
-71,0.5200,0.5200,0.5200,0.5200
-72,0.6800,0.6800,0.6800,0.6800
-73,0.8400,0.8400,0.8400,0.8400
-74,1.0000,1.0000,1.0000,1.0000
-75,0.9600,0.9600,0.9600,0.9600
-76,0.8800,0.8800,0.8800,0.8800
-77,0.9600,0.9600,0.9600,0.9600
-78,0.8800,0.8800,0.8800,0.8800
-79,1.0000,1.0000,1.0000,1.0000
-80,1.0400,1.0400,1.0400,1.0400
-81,1.1200,1.1200,1.1200,1.1200
-82,1.2000,1.2000,1.2000,1.2000
-83,1.1600,1.1600,1.1600,1.1600
-84,1.2800,1.2800,1.2800,1.2800
-85,1.3200,1.3200,1.3200,1.3200
-86,1.3200,1.3200,1.3200,1.3200
-87,1.2400,1.2400,1.2400,1.2400
-88,1.3200,1.3200,1.3200,1.3200
-89,1.4800,1.4800,1.4800,1.4800
-90,1.6000,1.6000,1.6000,1.6000
-91,1.7600,1.7600,1.7600,1.7600
-92,1.6400,1.6400,1.6400,1.6400
-93,1.6800,1.6800,1.6800,1.6800
-94,1.7200,1.7200,1.7200,1.7200
-95,1.9200,1.9200,1.9200,1.9200
-96,1.9200,1.9200,1.9200,1.9200
-97,1.7200,1.7200,1.7200,1.7200
-98,1.5600,1.5600,1.5600,1.5600
-99,1.5200,1.5200,1.5200,1.5200
-100,1.7200,1.7200,1.7200,1.7200
-101,1.9200,1.9200,1.9200,1.9200
-102,1.8800,1.8800,1.8800,1.8800
-103,2.0400,2.0400,2.0400,2.0400
-104,2.0800,2.0800,2.0800,2.0800
-105,2.1200,2.1200,2.1200,2.1200
-106,2.0000,2.0000,2.0000,2.0000
-107,1.8800,1.8800,1.8800,1.8800
-108,1.7600,1.7600,1.7600,1.7600
-109,1.7600,1.7600,1.7600,1.7600
-110,1.7600,1.7600,1.7600,1.7600
-111,1.7600,1.7600,1.7600,1.7600
-112,1.9200,1.7600,1.9200,1.7600
-113,1.9200,1.7600,1.9200,1.7600
-114,1.9200,1.7600,1.9200,1.7600
-115,1.9200,1.7600,1.9200,1.7600
-116,1.9200,1.7600,1.9200,1.7600
-117,1.8800,1.7200,1.8800,1.7200
-118,1.7200,1.5600,1.7200,1.5600
-119,1.6800,1.5200,1.6800,1.5200
-120,1.6400,1.4800,1.6400,1.4800
-121,1.6000,1.4400,1.6000,1.4400
-122,1.5600,1.4000,1.5600,1.4000
-123,1.4800,1.3200,1.4800,1.3200
-124,1.5200,1.3600,1.5200,1.3600
-125,1.5600,1.4000,1.5600,1.4000
-126,1.6000,1.4400,1.6000,1.4400
-127,1.7600,1.6000,1.7600,1.6000
-128,1.6400,1.4800,1.6400,1.4800
-129,1.4000,1.2400,1.4000,1.2400
-130,1.1600,1.0000,1.1600,1.0000
-131,1.1600,1.0000,1.1600,1.0000
-132,1.4000,1.2400,1.3600,1.2000
-133,1.6400,1.4800,1.5600,1.4000
-134,1.6800,1.5200,1.4800,1.3200
-135,1.6000,1.4400,1.4000,1.2400
-136,1.7600,1.6000,1.5600,1.4000
-137,1.7600,1.7600,1.5600,1.5600
-138,1.7600,1.7600,1.5600,1.5600
-139,1.7600,1.7600,1.5600,1.5600
-140,1.6000,1.6000,1.4000,1.4000
-141,1.4000,1.4000,1.2000,1.2000
-142,1.5600,1.5600,1.3600,1.3600
-143,1.6800,1.6800,1.4800,1.4800
-144,1.6800,1.6800,1.4800,1.4800
-145,1.5600,1.5600,1.3600,1.3600
-146,1.4000,1.4000,1.2000,1.2000
-147,1.6400,1.6400,1.4400,1.4400
-148,1.8800,1.8800,1.6800,1.6800
-149,1.8800,1.8800,1.6800,1.6800
-150,1.8800,1.8800,1.6800,1.6800
-151,1.6800,1.6800,1.4800,1.4800
-152,1.6800,1.6800,1.4800,1.4800
-153,1.8400,1.8400,1.6400,1.6400
-154,2.1200,2.1200,1.9200,1.9200
-155,2.4000,2.4000,2.2000,2.2000
-156,2.5200,2.5200,2.3200,2.3200
-157,2.3200,2.3200,2.1600,2.1600
-158,2.1200,2.1200,2.0000,2.0000
-159,2.0400,2.0400,2.0400,2.0400
-160,2.0000,2.0000,2.0000,2.0000
-161,1.8800,1.8800,1.8800,1.8800
-162,1.6800,1.6800,1.6800,1.6800
-163,1.6000,1.6000,1.6000,1.6000
-164,1.5200,1.5200,1.5200,1.5200
-165,1.5200,1.5200,1.5200,1.5200
-166,1.6400,1.6400,1.6400,1.6400
-167,1.6000,1.6000,1.6000,1.6000
-168,1.4800,1.4800,1.4800,1.4800
-169,1.4400,1.4400,1.4400,1.4400
-170,1.5200,1.5200,1.5200,1.5200
-171,1.5200,1.5200,1.5200,1.5200
-172,1.4400,1.4400,1.4400,1.4400
-173,1.3600,1.3600,1.3600,1.3600
-174,1.2000,1.2000,1.2000,1.2000
-175,1.0800,1.0800,1.0800,1.0800
-176,1.0800,1.0800,1.0800,1.0800
-177,0.9200,0.9200,0.9200,0.9200
-178,0.8400,0.8400,0.8400,0.8400
-179,0.7600,0.7600,0.7600,0.7600
-180,0.6000,0.6000,0.6000,0.6000
-181,0.6000,0.6000,0.6000,0.6000
-182,0.7600,0.7600,0.7600,0.7600
-183,0.9200,0.9200,0.9200,0.9200
-184,0.8800,0.8800,0.8800,0.8800
-185,0.9600,0.9600,0.9600,0.9600
-186,0.9200,0.9200,0.9200,0.9200
-187,0.9600,0.9600,0.9600,0.9600
-188,1.0400,1.0400,1.0400,1.0400
-189,1.1200,1.1200,1.1200,1.1200
-190,1.2800,1.2800,1.2800,1.2800
-191,1.3600,1.3600,1.3600,1.3600
-192,1.2400,1.2400,1.2400,1.2400
-193,1.2400,1.2400,1.2400,1.2400
-194,1.2400,1.2400,1.2400,1.2400
-195,1.2400,1.2400,1.2400,1.2400
-196,1.2800,1.2800,1.2800,1.2800
-197,1.1600,1.1600,1.1600,1.1600
-198,1.2000,1.2000,1.2000,1.2000
-199,1.3200,1.3200,1.3200,1.3200
-200,1.4000,1.4000,1.4000,1.4000
-201,1.4400,1.4400,1.4400,1.4400
-202,1.4800,1.4800,1.4800,1.4800
-203,1.2800,1.2800,1.2800,1.2800
-204,1.0800,1.0800,1.0800,1.0800
-205,0.9600,0.9600,0.9600,0.9600
-206,1.0800,1.0800,1.0800,1.0800
-207,1.1200,1.1200,1.1200,1.1200
-208,1.1600,1.1600,1.1600,1.1600
-209,1.1600,1.1600,1.1600,1.1600
-210,0.9600,0.9600,0.9600,0.9600
-211,0.8000,0.8000,0.8000,0.8000
-212,0.6400,0.6400,0.6400,0.6400
-213,0.3200,0.3200,0.3200,0.3200
-214,0.1600,0.1600,0.1600,0.1600
-215,0.0400,0.0400,0.0400,0.0400
-216,-0.1200,-0.1200,-0.1200,-0.1200
-217,-0.2000,-0.2000,-0.2000,-0.2000
-218,-0.3200,-0.3200,-0.3200,-0.3200
-219,-0.5200,-0.5200,-0.5200,-0.5200
-220,-0.6000,-0.6000,-0.6000,-0.6000
-221,-0.6800,-0.6800,-0.6800,-0.6800
-222,-0.7200,-0.7200,-0.7200,-0.7200
-223,-0.8000,-0.8000,-0.8000,-0.8000
-224,-1.0000,-1.0000,-1.0000,-1.0000
-225,-1.2000,-1.2000,-1.2000,-1.2000
-226,-1.2000,-1.2000,-1.2000,-1.2000
-227,-1.2800,-1.2800,-1.2800,-1.2800
-228,-1.1200,-1.1200,-1.1200,-1.1200
-229,-1.0000,-1.0000,-1.0000,-1.0000
-230,-0.7600,-0.7600,-0.7600,-0.7600
-231,-0.7600,-0.7600,-0.7600,-0.7600
-232,-0.7600,-0.7600,-0.7600,-0.7600
-233,-0.8800,-0.8800,-0.8800,-0.8800
-234,-0.8800,-0.8800,-0.8800,-0.8800
-235,-0.6800,-0.6800,-0.6800,-0.6800
-236,-0.5600,-0.5600,-0.5600,-0.5600
-237,-0.3600,-0.3600,-0.3600,-0.3600
-238,-0.2400,-0.2400,-0.2400,-0.2400
-239,-0.1600,-0.1600,-0.1600,-0.1600
-240,-0.1200,-0.1200,-0.1200,-0.1200
-241,-0.1200,-0.1200,-0.1200,-0.1200
-242,-0.0800,-0.0800,-0.0800,-0.0800
-243,-0.0400,-0.0400,-0.0400,-0.0400
-244,0.0800,0.0800,0.0800,0.0800
-245,0.2000,0.2000,0.2000,0.2000
-246,0.4000,0.4000,0.4000,0.4000
-247,0.6000,0.6000,0.6000,0.6000
-248,0.5200,0.5200,0.5200,0.5200
-249,0.6400,0.6400,0.6400,0.6400
-250,0.7200,0.7200,0.7200,0.7200
-251,0.6800,0.6800,0.6800,0.6800
-252,0.7200,0.7200,0.7200,0.7200
-253,0.7200,0.7200,0.7200,0.7200
-254,0.7200,0.7200,0.7200,0.7200
-255,0.6400,0.6400,0.6400,0.6400
-256,0.4000,0.4000,0.4000,0.4000
-257,0.1600,0.1600,0.1600,0.1600
-258,0.0400,0.0400,0.0400,0.0400
-259,0.0800,0.0800,0.0800,0.0800
-260,-0.0000,-0.0000,-0.0000,-0.0000
-261,0.0800,0.0800,0.0800,0.0800
-262,0.0400,0.0400,0.0400,0.0400
-263,0.0800,0.0800,0.0800,0.0800
-264,-0.0000,-0.0000,-0.0000,-0.0000
-265,-0.1600,-0.1600,-0.1600,-0.1600
-266,-0.2400,-0.2400,-0.2400,-0.2400
-267,-0.1600,-0.1600,-0.1600,-0.1600
-268,-0.1200,-0.1200,-0.1200,-0.1200
-269,-0.1200,-0.1200,-0.1200,-0.1200
-270,-0.1200,-0.1200,-0.1200,-0.1200
-271,-0.1200,-0.1200,-0.1200,-0.1200
-272,-0.1200,-0.1200,-0.1200,-0.1200
-273,-0.0800,-0.0800,-0.0800,-0.0800
-274,-0.0800,-0.0800,-0.0800,-0.0800
-275,-0.2000,-0.2000,-0.2000,-0.2000
-276,-0.2800,-0.2800,-0.2800,-0.2800
-277,-0.4000,-0.4000,-0.4000,-0.4000
-278,-0.3600,-0.3600,-0.3600,-0.3600
-279,-0.2800,-0.2800,-0.2800,-0.2800
-280,-0.4000,-0.4000,-0.4000,-0.4000
-281,-0.3600,-0.3600,-0.3600,-0.3600
-282,-0.2400,-0.2400,-0.2400,-0.2400
-283,-0.0400,-0.0400,-0.0400,-0.0400
-284,-0.0000,-0.0000,-0.0000,-0.0000
-285,-0.1200,-0.1200,-0.1200,-0.1200
-286,-0.3200,-0.3200,-0.3200,-0.3200
-287,-0.4800,-0.4800,-0.4800,-0.4800
-288,-0.6400,-0.6400,-0.6400,-0.6400
-289,-0.6000,-0.6000,-0.6000,-0.6000
-290,-0.5200,-0.5200,-0.5200,-0.5200
-291,-0.4800,-0.4800,-0.4800,-0.4800
-292,-0.4800,-0.4800,-0.4800,-0.4800
-293,-0.4000,-0.4000,-0.4000,-0.4000
-294,-0.4400,-0.4400,-0.4400,-0.4400
-295,-0.5200,-0.5200,-0.5200,-0.5200
-296,-0.6800,-0.6800,-0.6800,-0.6800
-297,-0.8000,-0.8000,-0.8000,-0.8000
-298,-0.7600,-0.7600,-0.7600,-0.7600
-299,-0.8400,-0.8400,-0.8400,-0.8400
-300,-0.7200,-0.7200,-0.7200,-0.7200
-301,-0.5600,-0.5600,-0.5600,-0.5600
-302,-0.4800,-0.4800,-0.4800,-0.4800
-303,-0.5600,-0.5600,-0.5600,-0.5600
-304,-0.7200,-0.7200,-0.7200,-0.7200
-305,-0.7200,-0.7200,-0.7200,-0.7200
-306,-0.5200,-0.5200,-0.5200,-0.5200
-307,-0.4000,-0.4000,-0.4000,-0.4000
-308,-0.3600,-0.3600,-0.3600,-0.3600
-309,-0.4800,-0.4800,-0.4800,-0.4800
-310,-0.2400,-0.2400,-0.2400,-0.2400
-311,-0.0000,-0.0000,-0.0000,-0.0000
-312,0.1600,0.1600,0.1600,0.1600
-313,0.2000,0.2000,0.2000,0.2000
-314,0.0400,0.0400,0.0400,0.0400
-315,-0.0800,-0.0800,-0.0800,-0.0800
-316,0.1200,0.1200,0.1200,0.1200
-317,0.2800,0.2800,0.2800,0.2800
-318,0.4000,0.4000,0.4000,0.4000
-319,0.6000,0.6000,0.6000,0.6000
-320,0.7200,0.7200,0.7200,0.7200
-321,0.7600,0.7600,0.7600,0.7600
-322,0.7200,0.7200,0.7200,0.7200
-323,0.6800,0.6800,0.6800,0.6800
-324,0.8400,0.8400,0.8400,0.8400
-325,0.9600,0.9600,0.9600,0.9600
-326,1.0400,1.0400,1.0400,1.0400
-327,1.0000,1.0000,1.0000,1.0000
-328,0.9200,0.9200,0.9200,0.9200
-329,1.0400,1.0400,1.0400,1.0400
-330,1.0800,1.0800,1.0800,1.0800
-331,1.0000,1.0000,1.0000,1.0000
-332,0.8400,0.8400,0.8400,0.8400
-333,0.7200,0.7200,0.7200,0.7200
-334,0.7600,0.7600,0.7600,0.7600
-335,0.5200,0.5200,0.5200,0.5200
-336,0.2800,0.2800,0.2800,0.2800
-337,0.1200,0.1200,0.1200,0.1200
-338,0.0800,0.0800,0.0800,0.0800
-339,0.2400,0.2400,0.2400,0.2400
-340,0.2400,0.2400,0.2400,0.2400
-341,-0.0400,-0.0400,-0.0400,-0.0400
-342,-0.3200,-0.3200,-0.3200,-0.3200
-343,-0.4400,-0.4400,-0.4400,-0.4400
-344,-0.6400,-0.6400,-0.6400,-0.6400
-345,-0.7600,-0.7600,-0.7600,-0.7600
-346,-0.8000,-0.8000,-0.8000,-0.8000
-347,-0.7200,-0.7200,-0.7200,-0.7200
-348,-0.8000,-0.8000,-0.8000,-0.8000
-349,-1.0000,-1.0000,-1.0000,-1.0000
-350,-1.0800,-1.0800,-1.0800,-1.0800
-351,-1.2400,-1.2400,-1.2400,-1.2400
-352,-1.1600,-1.1600,-1.1600,-1.1600
-353,-1.1200,-1.1200,-1.1200,-1.1200
-354,-1.1200,-1.1200,-1.1200,-1.1200
-355,-1.1200,-1.1200,-1.1200,-1.1200
-356,-1.1200,-1.1200,-1.1200,-1.1200
-357,-1.1200,-1.1200,-1.1200,-1.1200
-358,-1.1200,-1.1200,-1.1200,-1.1200
-359,-1.2400,-1.2400,-1.2400,-1.2400
-360,-1.2000,-1.2000,-1.2000,-1.2000
-361,-1.1600,-1.1600,-1.1600,-1.1600
-362,-1.0000,-1.0000,-1.0000,-1.0000
-363,-0.7200,-0.7200,-0.7200,-0.7200
-364,-0.6400,-0.6400,-0.6400,-0.6400
-365,-0.4000,-0.4000,-0.4000,-0.4000
-366,-0.2800,-0.2800,-0.2800,-0.2800
-367,-0.1200,-0.1200,-0.1200,-0.1200
-368,-0.2000,-0.2000,-0.2000,-0.2000
-369,-0.1600,-0.1600,-0.1600,-0.1600
-370,-0.0800,-0.0800,-0.0800,-0.0800
-371,0.0800,0.0800,0.0800,0.0800
-372,0.1600,0.1600,0.1600,0.1600
-373,0.2400,0.2400,0.2400,0.2400
-374,0.2800,0.2800,0.2800,0.2800
-375,0.2800,0.2800,0.2800,0.2800
-376,0.2400,0.2400,0.2400,0.2400
-377,0.1600,0.1600,0.1600,0.1600
-378,0.2000,0.2000,0.2000,0.2000
-379,0.2000,0.2000,0.2000,0.2000
-380,0.2000,0.2000,0.2000,0.2000
-381,0.2000,0.2000,0.2000,0.2000
-382,0.2400,0.2400,0.2400,0.2400
-383,0.3600,0.3600,0.3600,0.3600
-384,0.6000,0.6000,0.6000,0.6000
-385,0.8400,0.8400,0.8400,0.8400
-386,0.8000,0.8000,0.8000,0.8000
-387,0.6400,0.6400,0.6400,0.6400
-388,0.3600,0.3600,0.3600,0.3600
-389,0.0800,0.0800,0.0800,0.0800
