,TTGGGG,TTTTGGGG,TTGGGT,TTAGGG,TAGGG,TTTAGGG,TGTGGGTGTGGTGTG,TCTGGGTG,TTACAGGG,ACGGATGTCTAACTTCTTGGTGT,CTGGGTGCTGTGGGGT,ACGGATGTCACGATCATTGGTGT,ACGGATTTGATTAGGTATGTGGTGT,TTAGTCAGGG,TTGGGTGCTGTGTGGGT,TTTTAGGG,TTAGGC,TTAGG,TCAGG
TTGGGG,1.0,0.43901468803369914,0.4508400864018207,0.44927196001091696,0.3247967954884112,0.37974825450476146,0.4074733787860487,0.3386900339161485,0.43031860554186885,0.4143234616920355,0.452425518000354,0.4490326779230289,0.42179214996485315,0.4206323519788393,0.4537256530452001,0.3859634123702629,0.6406447380256003,0.3067308658791934,0.35446854159525876
TTTTGGGG,0.43901468803369914,1.0,0.9250130505626603,0.8540415458369655,0.6282602648020574,0.6275681864654766,0.7304452455726631,0.5474763265652377,0.8374923942183707,0.8700906454086043,0.8140564673631673,0.8160408295926137,0.8772567547016572,0.8858411802162658,0.8791304189416115,0.9480702396189998,0.30323515458349126,0.4058044007116631,0.36833292404011975
TTGGGT,0.4508400864018207,0.9250130505626603,1.0,0.8922379369471892,0.608212111709241,0.5440017506767807,0.6969196874427919,0.508714500891473,0.8738759271224906,0.9445228248592323,0.7824834331732957,0.8639852680276742,0.901960660298832,0.9499033376941793,0.8344330046990296,0.9442243331742408,0.34574247289104787,0.37872681915659867,0.3844499492986925
TTAGGG,0.44927196001091696,0.8540415458369655,0.8922379369471892,1.0,0.6493155266352291,0.6211665525243358,0.6263825893584501,0.4650105186131064,0.8579742504274662,0.8528601987980228,0.7007470039536783,0.8157808526953086,0.8513108491258282,0.884071033660978,0.7553135336807335,0.8977596318233128,0.42020762696762026,0.525510010312019,0.43824767681760024
TAGGG,0.3247967954884112,0.6282602648020574,0.608212111709241,0.6493155266352291,1.0,0.7532484234004135,0.6840014042874042,0.5531693887471548,0.6523341537664771,0.5754118187590483,0.7063558110905965,0.6091704738585839,0.717746134902661,0.6142563034572769,0.7243482212292092,0.6784274831946667,0.23342137220800374,0.7139621750046017,0.4996725256156862
TTTAGGG,0.37974825450476146,0.6275681864654766,0.5440017506767807,0.6211665525243358,0.7532484234004135,1.0,0.5907072085134688,0.49623879345048527,0.6145264799069702,0.46864332976326273,0.615374347596786,0.5088710482501309,0.6233853484579996,0.5451378781808911,0.6738601447138651,0.6705971257896376,0.2753512143064215,0.701519217097331,0.4353428756245561
TGTGGGTGTGGTGTG,0.4074733787860487,0.7304452455726631,0.6969196874427919,0.6263825893584501,0.6840014042874042,0.5907072085134688,1.0,0.6154904897631865,0.597348389129077,0.6557912558172614,0.8131938816338856,0.695961129597427,0.7997301886683722,0.6625514775692163,0.8558269523526758,0.6775532049156298,0.27296600522883097,0.45855053874245566,0.43822698515971514
TCTGGGTG,0.3386900339161485,0.5474763265652377,0.508714500891473,0.4650105186131064,0.5531693887471548,0.49623879345048527,0.6154904897631865,1.0,0.5172928354497373,0.5365031460605142,0.7535495287716877,0.563854442519566,0.6122406494747487,0.5273647708629832,0.7123716853618942,0.5260805734109729,0.24272521603705055,0.49963553444873643,0.4910120339891697
TTACAGGG,0.43031860554186885,0.8374923942183707,0.8738759271224906,0.8579742504274662,0.6523341537664771,0.6145264799069702,0.597348389129077,0.5172928354497373,1.0,0.8866291166968832,0.7343985977384825,0.865393604670705,0.8417846481610031,0.9133361550523602,0.7445142853587021,0.9034302868706118,0.4075339632335707,0.4757933324499142,0.512939133131822
ACGGATGTCTAACTTCTTGGTGT,0.4143234616920355,0.8700906454086043,0.9445228248592323,0.8528601987980228,0.5754118187590483,0.46864332976326273,0.6557912558172614,0.5365031460605142,0.8866291166968832,1.0,0.7664699315944936,0.9250490721461583,0.9113728161778029,0.9571254285647578,0.7780415354897195,0.9140695703283489,0.3522073019384915,0.3619406759683417,0.4322251427853665
CTGGGTGCTGTGGGGT,0.452425518000354,0.8140564673631673,0.7824834331732957,0.7007470039536783,0.7063558110905965,0.615374347596786,0.8131938816338856,0.7535495287716877,0.7343985977384825,0.7664699315944936,1.0,0.757953892605516,0.8239605678894485,0.7646815609592222,0.9438355472024893,0.774941274529612,0.28671710671062844,0.4555449005861141,0.4843726165332167
ACGGATGTCACGATCATTGGTGT,0.4490326779230289,0.8160408295926137,0.8639852680276742,0.8157808526953086,0.6091704738585839,0.5088710482501309,0.695961129597427,0.563854442519566,0.865393604670705,0.9250490721461583,0.757953892605516,1.0,0.919003279469853,0.8951062782136626,0.7640602464319259,0.8462569052562219,0.38989330999019,0.4217873321868253,0.5398685667597205
ACGGATTTGATTAGGTATGTGGTGT,0.42179214996485315,0.8772567547016572,0.901960660298832,0.8513108491258282,0.717746134902661,0.6233853484579996,0.7997301886683722,0.6122406494747487,0.8417846481610031,0.9113728161778029,0.8239605678894485,0.919003279469853,1.0,0.8870315282064231,0.8729265452026793,0.8957939177510206,0.3402405359200934,0.5014423562401469,0.4589305123328953
TTAGTCAGGG,0.4206323519788393,0.8858411802162658,0.9499033376941793,0.884071033660978,0.6142563034572769,0.5451378781808911,0.6625514775692163,0.5273647708629832,0.9133361550523602,0.9571254285647578,0.7646815609592222,0.8951062782136626,0.8870315282064231,1.0,0.7842684939993965,0.9352506730052341,0.3648293844271935,0.41720355726775604,0.5012792166971833
TTGGGTGCTGTGTGGGT,0.4537256530452001,0.8791304189416115,0.8344330046990296,0.7553135336807335,0.7243482212292092,0.6738601447138651,0.8558269523526758,0.7123716853618942,0.7445142853587021,0.7780415354897195,0.9438355472024893,0.7640602464319259,0.8729265452026793,0.7842684939993965,1.0,0.8351037260710066,0.28041352486902515,0.484475680854106,0.40584630550706047
TTTTAGGG,0.3859634123702629,0.9480702396189998,0.9442243331742408,0.8977596318233128,0.6784274831946667,0.6705971257896376,0.6775532049156298,0.5260805734109729,0.9034302868706118,0.9140695703283489,0.774941274529612,0.8462569052562219,0.8957939177510206,0.9352506730052341,0.8351037260710066,1.0,0.33121282004322916,0.478144063801052,0.4085981043686615
TTAGGC,0.6406447380256003,0.30323515458349126,0.34574247289104787,0.42020762696762026,0.23342137220800374,0.2753512143064215,0.27296600522883097,0.24272521603705055,0.4075339632335707,0.3522073019384915,0.28671710671062844,0.38989330999019,0.3402405359200934,0.3648293844271935,0.28041352486902515,0.33121282004322916,1.0,0.26270623794524006,0.3252019096498333
TTAGG,0.3067308658791934,0.4058044007116631,0.37872681915659867,0.525510010312019,0.7139621750046017,0.701519217097331,0.45855053874245566,0.49963553444873643,0.4757933324499142,0.3619406759683417,0.4555449005861141,0.4217873321868253,0.5014423562401469,0.41720355726775604,0.484475680854106,0.478144063801052,0.26270623794524006,1.0,0.632597948025424
TCAGG,0.35446854159525876,0.36833292404011975,0.3844499492986925,0.43824767681760024,0.4996725256156862,0.4353428756245561,0.43822698515971514,0.4910120339891697,0.512939133131822,0.4322251427853665,0.4843726165332167,0.5398685667597205,0.4589305123328953,0.5012792166971833,0.40584630550706047,0.4085981043686615,0.3252019096498333,0.632597948025424,1.0
