motif,umap_1,umap_2
TTGGGG,0.73631716,1.5095962
TTTTGGGG,-1.1011561,1.4378778
TTGGGT,-0.8226944,2.570702
TTAGGG,-2.0886679,2.70831
TAGGG,1.381447,4.9236035
TTTAGGG,1.4800658,5.7203794
TGTGGGTGTGGTGTG,2.2444153,3.0809493
TCTGGGTG,2.1142092,2.1257749
TTACAGGG,-1.4541658,4.0383425
ACGGATGTCTAACTTCTTGGTGT,-0.20979184,3.3698158
CTGGGTGCTGTGGGGT,1.584155,2.5847874
ACGGATGTCACGATCATTGGTGT,0.16597751,4.0985403
ACGGATTTGATTAGGTATGTGGTGT,1.0342152,3.6000473
TTAGTCAGGG,-1.3274463,3.3109548
TTGGGTGCTGTGTGGGT,2.9436977,2.4525535
TTTTAGGG,-1.5675298,2.041446
TTAGGC,0.09605828,1.9010941
TTAGG,0.60251206,5.726002
TCAGG,-0.3064448,5.197166
